Object Designation  ,Date (yyyy-mm-dd.dd),Distance (rEarth),Sigma Impact  ,Stretch LOV (rEarth),Sigma LOV  ,Impact Probability  ,Width (rEarth),Impact Energy (Mt),Palermo Scale  ,Torino Scale  ,
29075 (1950 DA),2880-03-16.99,0.04,0,5.26E+02,-2.345,1.20E-04,1.00E-03,7.54E+04,-1.42,,a0029075
29075 (1950 DA),2185-03-29.75,0.51,0,2.23E+02,1.298,1.40E-03,< 1.e-04,1.45E+02,-1.83,,a0410777
101955 Bennu (1999 RQ36),2196-09-24.33,0.15,0,1.68E+04,-0.065,9.40E-05,< 1.e-04,1.15E+03,-2.32,,a0101955
101955 Bennu (1999 RQ36),2185-09-24.59,0.04,0,2.55E+04,0.182,6.30E-05,< 1.e-04,1.15E+03,-2.46,,a0101955
101955 Bennu (1999 RQ36),2175-09-25.15,0.23,0,1.49E+04,1.344,4.10E-05,< 1.e-04,1.15E+03,-2.62,,a0101955
101955 Bennu (1999 RQ36),2196-09-24.31,0,0,4.74E+04,-0.092,3.50E-05,< 1.e-04,1.15E+03,-2.74,,a0101955
410777 (2009 FD),2190-03-30.08,0.57,0,3.51E+03,0.565,1.70E-04,< 1.e-04,1.45E+02,-2.75,,a0410777
101955 Bennu (1999 RQ36),2193-09-24.60,0.01,0,9.47E+03,-1.938,2.80E-05,< 1.e-04,1.15E+03,-2.84,,a0101955
99942 Apophis (2004 MN4),2068-04-12.64,0.02,0,1.31E+05,1.007,6.70E-06,< 1.e-04,1.15E+03,-2.93,0,a0099942
101955 Bennu (1999 RQ36),2180-09-24.39,0.12,0,8.33E+04,0.529,2.00E-05,< 1.e-04,1.15E+03,-2.96,,a0101955
101955 Bennu (1999 RQ36),2185-09-24.59,0.07,0,8.34E+04,-0.111,2.00E-05,< 1.e-04,1.15E+03,-2.97,,a0101955
(1979 XB),2056-12-12.90,0.19,0,2.95E+06,-0.89486,1.80E-07,9.71E-02,4.27E+04,-3.12,0,bJ79X00B
(1979 XB),2113-12-14.75,0.21,0,1.40E+06,0.06341,5.60E-07,2.55E-02,3.07E+04,-3.13,0,bJ79X00B
(2010 AU118),2020-10-20.11,25.31,0.038,5.07E+05,-0.5637,1.30E-09,6.35E+02,9.10E+05,-3.14,0,bK10AB8U
(2007 FT3),2019-10-03.93,65.92,1.39,3.75E+04,-0.52688,9.20E-08,4.67E+01,2.67E+03,-3.17,0,bK07F03T
101955 Bennu (1999 RQ36),2180-09-24.36,0.19,0,9.67E+04,0.894,1.10E-05,< 1.e-04,1.15E+03,-3.19,,a0101955
101955 Bennu (1999 RQ36),2187-09-25.14,0.86,0,1.98E+04,1.689,8.30E-06,< 1.e-04,1.15E+03,-3.35,,a0101955
(2017 GM7),2035-06-20.48,0.73,0,2.61E+04,-2.90594,7.50E-08,3.62E+00,2.38E+04,-3.36,0,bK17G07M
(2015 ME131),2017-08-19.39,144.61,0.234,2.41E+05,0.7894,2.40E-09,6.15E+02,1.15E+04,-3.41,0,bK15MD1E
101955 Bennu (1999 RQ36),2175-09-25.16,0.45,0,1.18E+05,1.051,6.40E-06,< 1.e-04,1.15E+03,-3.43,,a0101955
(2008 UV99),2019-03-30.15,11.92,0.359,4.70E+05,0.51598,2.90E-08,3.04E+01,3.93E+03,-3.44,0,bK08U99V
(2017 FN128),2059-09-13.59,4.26,2.059,9.01E+03,2.28996,9.00E-08,1.58E+00,3.45E+04,-3.52,0,bK17FC8N
101955 Bennu (1999 RQ36),2191-09-25.13,0.03,0,3.05E+05,-0.164,5.40E-06,< 1.e-04,1.15E+03,-3.54,,a0101955
(2010 AU118),2025-10-20.64,103.75,0.164,7.40E+05,-0.53931,9.20E-10,6.26E+02,9.04E+05,-3.68,0,bK10AB8U
101955 Bennu (1999 RQ36),2182-09-24.85,0.28,0,3.03E+04,-2.291,3.50E-06,< 1.e-04,1.15E+03,-3.71,,a0101955
(2017 FO128),2104-03-15.81,0.61,0,1.13E+04,-1.58172,1.60E-05,1.17E-02,7.55E+01,-3.71,0,bK17FC8O
(2005 ED224),2018-03-11.32,0.9,0,2.96E+05,1.43764,4.10E-07,9.42E-03,2.45E+01,-3.72,0,bK05EM4D
(2001 CA21),2020-10-08.57,12.96,1.224,1.90E+06,-1.60215,3.20E-09,9.77E+00,5.49E+04,-3.73,0,bK01C21A
(2007 FT3),2024-10-02.85,52.12,1.079,5.48E+04,-0.82761,7.50E-08,4.74E+01,2.72E+03,-3.73,0,bK07F03T
101955 Bennu (1999 RQ36),2176-09-24.39,0.17,0,2.56E+04,2.458,3.10E-06,< 1.e-04,1.15E+03,-3.75,,a0101955
(2001 CA21),2025-10-09.45,6.3,1.165,1.67E+06,-1.6108,7.10E-09,4.55E+00,5.55E+04,-3.76,0,bK01C21A
101955 Bennu (1999 RQ36),2181-09-24.78,0.01,0,3.52E+05,1.021,2.90E-06,< 1.e-04,1.15E+03,-3.8,,a0101955
(2016 NL56),2019-09-04.74,54.17,0.573,4.55E+04,-0.37959,9.20E-08,9.29E+01,3.90E+02,-3.82,0,bK16N56L
(2016 NL56),2020-06-23.44,50.74,0.052,8.66E+05,0.12644,6.00E-10,9.50E+02,2.98E+05,-3.83,0,bK16N56L
(2010 AU118),2028-10-19.96,106.92,0.191,8.55E+05,-0.57945,8.80E-10,5.54E+02,9.15E+05,-3.83,0,bK10AB8U
(2007 FT3),2030-10-03.62,36.39,0.742,6.54E+04,-0.60895,9.90E-08,4.77E+01,2.69E+03,-3.87,0,bK07F03T
(2001 VB),2023-07-23.30,0.92,0,3.23E+05,-3.39298,2.40E-09,5.15E-01,8.60E+04,-3.95,0,bK01V00B
(2012 QD8),2047-03-08.97,0.25,0,1.68E+05,0.07979,4.60E-06,1.48E-02,4.82E+01,-3.95,0,bK12Q08D
(2010 AU118),2033-10-20.43,5.08,0.007,8.88E+05,-0.56034,8.80E-10,5.47E+02,9.09E+05,-3.98,0,bK10AB8U
(2010 AU118),2030-10-21.05,175.37,0.28,9.62E+05,-0.52635,7.00E-10,6.23E+02,9.00E+05,-4,0,bK10AB8U
(2010 WC9),2027-05-16.00,0.6,0,9.39E+04,1.03461,3.20E-06,4.43E-01,1.56E+01,-4.02,0,bK10W09C
101955 Bennu (1999 RQ36),2194-09-24.80,0.57,0,9.55E+03,2.916,1.80E-06,< 1.e-04,1.15E+03,-4.04,,a0101955
99942 Apophis (2004 MN4),2076-04-13.02,0.11,0,1.73E+06,1.075,5.40E-07,< 1.e-04,1.15E+03,-4.09,0,a0099942
101955 Bennu (1999 RQ36),2186-09-24.97,0.54,0,8.05E+05,-0.187,1.50E-06,< 1.e-04,1.15E+03,-4.1,,a0101955
(2016 WN55),2020-09-13.11,158.88,1.516,1.49E+05,-0.49467,8.90E-09,1.04E+02,5.02E+03,-4.1,0,bK16W55N
101955 Bennu (1999 RQ36),2198-09-24.91,0.4,0,3.12E+05,-1.45,1.50E-06,< 1.e-04,1.15E+03,-4.11,,a0101955
101955 Bennu (1999 RQ36),2182-09-24.86,0.07,0,2.61E+04,-2.753,1.40E-06,< 1.e-04,1.15E+03,-4.11,,a0101955
101955 Bennu (1999 RQ36),2181-09-24.54,0.17,0,4.61E+05,1.361,1.40E-06,< 1.e-04,1.15E+03,-4.12,,a0101955
(2007 FT3),2041-10-03.36,28.31,0.567,7.30E+04,-0.63624,9.80E-08,4.82E+01,2.69E+03,-4.13,0,bK07F03T
(2011 BT59),2052-04-10.29,2.69,0.959,5.10E+05,-0.93149,1.20E-07,1.77E+00,3.34E+03,-4.13,0,bK11B59T
(2015 ME131),2018-08-19.19,83.84,0.133,3.35E+05,0.76847,1.80E-09,6.22E+02,1.10E+04,-4.13,0,bK15MD1E
101955 Bennu (1999 RQ36),2191-09-25.18,0.66,0,7.37E+05,-0.146,1.40E-06,< 1.e-04,1.15E+03,-4.13,,a0101955
(2008 EX5),2072-10-09.02,0.02,0,2.07E+04,-0.99054,2.40E-05,1.55E-02,7.29E+00,-4.16,0,bK08E05X
101955 Bennu (1999 RQ36),2191-09-25.32,0.17,0,1.20E+06,-0.172,1.30E-06,< 1.e-04,1.15E+03,-4.17,,a0101955
(2017 FN128),2064-09-12.85,1.84,0.526,5.56E+05,2.28139,2.20E-08,1.59E+00,3.45E+04,-4.18,0,bK17FC8N
101955 Bennu (1999 RQ36),2190-09-24.81,0.01,0,1.62E+06,0.311,1.20E-06,< 1.e-04,1.15E+03,-4.18,,a0101955
(2010 AU118),2036-10-19.92,134.56,0.257,1.18E+06,-0.58596,6.60E-10,5.19E+02,9.16E+05,-4.18,0,bK10AB8U
(2017 GM7),2076-06-19.74,2.5,0.491,2.85E+06,-0.39778,3.80E-08,3.07E+00,2.32E+04,-4.18,0,bK17G07M
(2007 FT3),2035-10-03.69,27.5,0.551,1.02E+05,-0.79003,6.40E-08,4.81E+01,2.72E+03,-4.19,0,bK07F03T
99942 Apophis (2004 MN4),2103-04-14.44,0.6,0,1.33E+06,1.002,5.40E-07,< 1.e-04,1.15E+03,-4.24,0,a0099942
101955 Bennu (1999 RQ36),2191-09-25.38,0.03,0,1.39E+06,0.535,1.00E-06,< 1.e-04,1.15E+03,-4.26,,a0101955
(2010 CR5),2062-01-01.09,1.15,0.113,3.45E+06,-0.35392,6.90E-08,1.31E+00,5.92E+03,-4.27,0,bK10C05R
(2017 GM7),2060-06-19.60,6.05,1.305,5.92E+04,-2.60364,2.20E-08,3.87E+00,2.38E+04,-4.27,0,bK17G07M
(2010 AU118),2038-10-20.85,68.21,0.118,1.29E+06,-0.54675,5.80E-10,5.71E+02,9.06E+05,-4.28,0,bK10AB8U
101955 Bennu (1999 RQ36),2186-09-24.74,0,0,1.42E+06,0.692,9.40E-07,< 1.e-04,1.15E+03,-4.3,,a0101955
(2010 AU118),2041-10-20.35,48.57,0.09,1.28E+06,-0.56982,6.20E-10,5.29E+02,9.12E+05,-4.3,0,bK10AB8U
99942 Apophis (2004 MN4),2065-04-11.77,0.17,0,4.15E+06,0.923,2.60E-07,< 1.e-04,1.15E+03,-4.32,0,a0099942
101955 Bennu (1999 RQ36),2193-09-24.74,0.02,0,4.86E+05,1.674,8.50E-07,< 1.e-04,1.15E+03,-4.35,,a0101955
(2007 FT3),2046-10-03.49,16.88,0.329,1.03E+05,-0.77242,7.00E-08,4.83E+01,2.72E+03,-4.36,0,bK07F03T
101955 Bennu (1999 RQ36),2199-09-24.92,0.78,0,6.49E+05,-0.92,8.70E-07,< 1.e-04,1.15E+03,-4.36,,a0101955
101955 Bennu (1999 RQ36),2194-09-24.79,0.18,0,3.35E+04,2.832,8.50E-07,< 1.e-04,1.15E+03,-4.36,,a0101955
101955 Bennu (1999 RQ36),2192-09-24.19,0.08,0,3.74E+05,-0.213,8.40E-07,< 1.e-04,1.15E+03,-4.36,,a0101955
101955 Bennu (1999 RQ36),2186-09-25.00,0.29,0,7.51E+05,1.327,8.10E-07,< 1.e-04,1.15E+03,-4.36,,a0101955
(2008 EX5),2083-10-09.71,0.35,0,2.78E+04,-0.91976,1.80E-05,1.64E-02,7.28E+00,-4.36,0,bK08E05X
(2012 QD8),2050-03-08.68,0.07,0,3.36E+03,-3.10852,1.90E-06,1.46E-02,4.86E+01,-4.37,0,bK12Q08D
101955 Bennu (1999 RQ36),2188-09-24.35,0.9,0,1.58E+04,2.781,8.00E-07,< 1.e-04,1.15E+03,-4.37,,a0101955
(2015 RN35),2074-12-12.66,0.78,0,5.24E+04,0.58875,8.00E-06,6.08E-03,1.58E+01,-4.38,0,bK15R35N
(2007 FT3),2073-10-03.27,21.97,0.461,5.73E+04,-0.81209,1.20E-07,4.55E+01,2.72E+03,-4.39,0,bK07F03T
101955 Bennu (1999 RQ36),2198-09-24.74,0.07,0,2.08E+06,-0.193,7.80E-07,< 1.e-04,1.15E+03,-4.41,,a0101955
(2010 AU118),2044-10-19.91,150.65,0.3,1.48E+06,-0.58951,5.40E-10,4.99E+02,9.17E+05,-4.41,0,bK10AB8U
(2008 UB7),2060-10-31.80,0.14,0,8.56E+03,2.3687,5.60E-06,6.66E-02,1.42E+01,-4.45,0,bK08U07B
101955 Bennu (1999 RQ36),2194-09-24.75,0.01,0,1.45E+04,3.204,6.90E-07,< 1.e-04,1.15E+03,-4.45,,a0101955
101955 Bennu (1999 RQ36),2190-09-24.81,0.2,0,1.45E+06,0.957,6.70E-07,< 1.e-04,1.15E+03,-4.45,,a0101955
(2008 UB7),2060-10-31.77,0.78,0,7.62E+03,2.23235,5.40E-06,2.29E-02,1.42E+01,-4.46,0,bK08U07B
101955 Bennu (1999 RQ36),2181-09-24.55,0.22,0,4.15E+05,1.882,6.30E-07,< 1.e-04,1.15E+03,-4.46,,a0101955
(2007 FT3),2050-10-03.18,123.42,1.228,2.18E+04,-1.06845,6.00E-08,9.97E+01,2.77E+03,-4.47,0,bK07F03T
(2010 XB73),2017-05-25.89,83.23,1.568,1.34E+05,-1.32069,8.40E-09,5.24E+01,3.19E+01,-4.47,0,bK10X73B
(2015 ME131),2019-08-19.22,53.13,0.084,4.30E+05,0.75741,1.40E-09,6.23E+02,1.08E+04,-4.47,0,bK15MD1E
(2010 AU118),2049-10-20.31,82.48,0.162,1.49E+06,-0.57662,5.60E-10,5.04E+02,9.13E+05,-4.47,0,bK10AB8U
99942 Apophis (2004 MN4),2078-04-13.76,0.06,0,5.02E+06,0.925,2.20E-07,< 1.e-04,1.15E+03,-4.48,0,a0099942
(2016 NL56),2023-06-11.74,136.74,0.107,9.31E+05,0.11014,4.20E-10,1.27E+03,1.65E+05,-4.48,0,bK16N56L
101955 Bennu (1999 RQ36),2192-09-24.17,0.17,0,5.32E+04,-2.547,5.80E-07,< 1.e-04,1.15E+03,-4.52,,a0101955
101955 Bennu (1999 RQ36),2191-09-25.55,0.73,0,1.14E+06,0.899,5.60E-07,< 1.e-04,1.15E+03,-4.53,,a0101955
(2017 FB1),2108-03-03.50,0.58,0,7.37E+04,1.12071,4.40E-06,2.00E-01,3.67E+01,-4.54,0,bK17F01B
101955 Bennu (1999 RQ36),2187-09-25.06,0,0,2.73E+05,-2.223,5.30E-07,< 1.e-04,1.15E+03,-4.55,,a0101955
(2007 FT3),2091-10-04.03,53.85,1.033,4.16E+04,-0.61906,1.10E-07,5.11E+01,2.69E+03,-4.56,0,bK07F03T
99942 Apophis (2004 MN4),2091-04-13.38,0.83,0,2.23E+06,0.927,2.20E-07,< 1.e-04,1.15E+03,-4.56,0,a0099942
(2010 AU118),2048-10-20.55,157.85,0.272,1.62E+06,-0.53102,4.50E-10,5.77E+02,9.01E+05,-4.56,0,bK10AB8U
(2008 UB7),2060-10-31.80,0.26,0,1.05E+04,2.38455,4.30E-06,5.26E-02,1.42E+01,-4.57,0,bK08U07B
99942 Apophis (2004 MN4),2077-04-13.45,0.4,0,4.56E+06,1.004,1.80E-07,< 1.e-04,1.15E+03,-4.57,0,a0099942
(2007 FT3),2091-10-04.03,54.11,1.153,4.38E+04,-0.61852,1.00E-07,4.61E+01,2.69E+03,-4.59,0,bK07F03T
(2010 AU118),2052-10-19.90,160.58,0.326,1.74E+06,-0.59175,4.70E-10,4.90E+02,9.17E+05,-4.59,0,bK10AB8U
(2010 AU118),2051-10-21.10,57.41,0.103,1.73E+06,-0.54965,4.50E-10,5.49E+02,9.06E+05,-4.6,0,bK10AB8U
(2010 AU118),2075-10-20.97,30.82,0.064,1.24E+06,-0.5683,7.30E-10,4.68E+02,9.11E+05,-4.61,0,bK10AB8U
410777 (2009 FD),2196-03-29.44,0.52,0,1.53E+05,1.164,2.40E-06,< 1.e-04,1.45E+02,-4.62,,a0410777
(2010 AU118),2056-10-20.45,97.4,0.178,1.64E+06,-0.54234,4.80E-10,5.43E+02,9.04E+05,-4.63,0,bK10AB8U
(2008 UB7),2063-11-01.40,0.3,0,6.09E+04,-1.57383,3.60E-06,1.80E-03,1.45E+01,-4.66,0,bK08U07B
(2016 WN55),2026-09-13.26,84.85,0.636,4.12E+05,-0.51121,6.60E-09,1.32E+02,5.21E+03,-4.66,0,bK16W55N
101955 Bennu (1999 RQ36),2195-09-25.27,0.29,0,2.23E+06,0.96,4.20E-07,< 1.e-04,1.15E+03,-4.67,,a0101955
(2014 MV67),2018-03-22.29,123.48,1.733,2.78E+06,0.19467,5.40E-10,7.07E+01,6.40E+03,-4.68,0,bK14M67V
99942 Apophis (2004 MN4),2060-04-12.55,0.64,0,6.60E+06,0.872,1.00E-07,< 1.e-04,1.15E+03,-4.68,0,a0099942
(2008 FF5),2060-03-27.75,0.02,0,1.36E+06,0.62197,4.80E-07,5.56E-03,1.43E+02,-4.7,0,bK08F05F
(2010 AU118),2065-10-20.28,110.1,0.226,1.77E+06,-0.5836,4.80E-10,4.83E+02,9.15E+05,-4.71,0,bK10AB8U
(2015 ME131),2020-08-18.34,33.56,0.052,5.23E+05,0.75061,1.20E-09,6.25E+02,1.07E+04,-4.72,0,bK15MD1E
(2007 FT3),2040-10-02.83,69.03,1.417,1.05E+05,-0.89972,2.40E-08,4.80E+01,2.74E+03,-4.73,0,bK07F03T
101955 Bennu (1999 RQ36),2190-09-25.46,0.27,0,1.61E+06,-1.393,3.50E-07,< 1.e-04,1.15E+03,-4.73,,a0101955
(2010 AU118),2102-10-21.63,98.83,0.176,9.39E+05,-0.5844,7.90E-10,5.57E+02,9.15E+05,-4.74,0,bK10AB8U
101955 Bennu (1999 RQ36),2199-09-25.11,0.24,0,8.34E+05,-1.813,3.50E-07,< 1.e-04,1.15E+03,-4.75,,a0101955
101955 Bennu (1999 RQ36),2192-09-24.41,0.01,0,4.44E+05,-2.209,3.30E-07,< 1.e-04,1.15E+03,-4.76,,a0101955
(2008 UV99),2047-03-29.98,7.75,0.442,1.23E+06,0.50882,2.10E-08,1.53E+01,3.85E+03,-4.77,0,bK08U99V
(2016 NL56),2022-09-08.91,77.39,0.252,9.28E+04,-0.28763,1.60E-08,3.03E+02,6.07E+02,-4.77,0,bK16N56L
(2010 AU118),2071-10-21.40,176.52,0.322,1.60E+06,-0.52858,4.70E-10,5.45E+02,9.01E+05,-4.77,0,bK10AB8U
(2008 UV99),2058-03-29.84,1.94,0.074,1.25E+06,0.51125,2.70E-08,1.28E+01,3.87E+03,-4.78,0,bK08U99V
(2016 NL56),2026-06-05.83,190.87,0.152,1.04E+06,0.10177,3.80E-10,1.25E+03,1.25E+05,-4.78,0,bK16N56L
(2010 AU118),2068-10-19.93,169.19,0.36,1.92E+06,-0.59432,4.40E-10,4.68E+02,9.18E+05,-4.78,0,bK10AB8U
(2010 AU118),2064-10-20.37,56.54,0.103,1.96E+06,-0.55117,4.00E-10,5.40E+02,9.07E+05,-4.78,0,bK10AB8U
(2016 WN55),2027-09-12.74,78.08,0.55,5.11E+05,-0.54326,5.10E-09,1.40E+02,5.60E+03,-4.79,0,bK16W55N
(2008 UB7),2063-11-01.41,0.08,0,8.97E+04,-1.56509,2.60E-06,1.55E-03,1.45E+01,-4.8,0,bK08U07B
(2010 AU118),2084-10-19.96,165.99,0.354,1.60E+06,-0.59575,5.30E-10,4.66E+02,9.17E+05,-4.81,0,bK10AB8U
(2007 FT3),2041-10-03.37,35.12,0.713,3.32E+05,-0.61471,2.00E-08,4.79E+01,2.69E+03,-4.82,0,bK07F03T
101955 Bennu (1999 RQ36),2198-09-24.88,0,0,8.95E+05,-1.924,3.00E-07,< 1.e-04,1.15E+03,-4.82,,a0101955
(2016 NL56),2081-04-23.55,140.79,0.632,1.36E+05,0.0159,1.40E-08,2.21E+02,1.36E+04,-4.84,0,bK16N56L
(2010 AU118),2033-10-20.40,19.6,0.027,5.12E+06,-0.56313,1.20E-10,6.78E+02,9.10E+05,-4.84,0,bK10AB8U
(2008 UB7),2086-11-01.27,0.05,0,3.92E+04,1.87456,3.50E-06,1.18E-02,1.43E+01,-4.85,0,bK08U07B
(2010 AU118),2076-10-19.94,167.98,0.354,1.94E+06,-0.59515,4.30E-10,4.71E+02,9.18E+05,-4.85,0,bK10AB8U
(2011 XC2),2056-12-02.41,0.35,0,1.24E+04,-3.00594,6.70E-07,2.22E-03,5.52E+01,-4.86,0,bK11X02C
(2010 AU118),2077-10-20.65,58.84,0.108,1.84E+06,-0.5521,4.30E-10,5.34E+02,9.07E+05,-4.86,0,bK10AB8U
(2010 AU118),2066-10-21.08,154.21,0.272,2.10E+06,-0.53293,3.50E-10,5.62E+02,9.02E+05,-4.86,0,bK10AB8U
(2007 FT3),2058-10-03.74,62.29,1.252,1.27E+05,-0.57902,3.00E-08,4.89E+01,2.68E+03,-4.87,0,bK07F03T
(2008 UV99),2036-03-29.06,23.07,1.324,9.71E+05,0.50499,1.00E-08,1.67E+01,3.81E+03,-4.87,0,bK08U99V
(2010 AU118),2112-10-21.76,183.42,0.251,8.71E+05,-0.53007,6.60E-10,7.28E+02,9.01E+05,-4.87,0,bK10AB8U
101955 Bennu (1999 RQ36),2187-09-25.21,0.45,0,4.84E+05,2.199,2.40E-07,< 1.e-04,1.15E+03,-4.88,,a0101955
(2017 FO63),2097-11-13.77,0.29,0,5.94E+05,0.05002,1.30E-06,2.38E-02,5.37E+01,-4.89,0,bK17F63O
101955 Bennu (1999 RQ36),2199-09-24.98,0.09,0,9.53E+05,-1.952,2.60E-07,< 1.e-04,1.15E+03,-4.89,,a0101955
(2015 ME131),2021-08-18.50,21.22,0.032,6.13E+05,0.74601,9.90E-10,6.28E+02,1.06E+04,-4.9,0,bK15MD1E
(2015 RN35),2086-12-16.27,0.77,0,1.42E+05,0.65604,2.90E-06,9.11E-03,1.58E+01,-4.9,0,bK15R35N
(2007 FT3),2056-10-02.85,72.23,1.446,8.82E+04,-0.91453,2.60E-08,4.93E+01,2.74E+03,-4.91,0,bK07F03T
(2014 MO68),2017-08-06.38,85.72,1.88,8.80E+04,-0.33098,2.00E-08,4.51E+01,8.81E+00,-4.95,0,bK14M68O
(2014 MV67),2019-04-03.87,45.95,0.257,5.70E+06,0.21845,4.70E-10,1.75E+02,8.78E+03,-4.95,0,bK14M67V
(2007 FT3),2046-10-03.47,23.37,0.464,3.87E+05,-0.7859,1.80E-08,4.82E+01,2.72E+03,-4.96,0,bK07F03T
(2010 AU118),2084-10-20.63,155.66,0.281,2.00E+06,-0.53365,3.80E-10,5.51E+02,9.02E+05,-4.96,0,bK10AB8U
(2010 CA55),2021-07-08.67,4.46,0.606,3.26E+05,-2.29231,1.50E-08,5.72E+00,2.84E+02,-4.97,0,bK10C55A
(2007 WP3),2105-11-12.31,0.2,0,2.13E+05,-0.49576,3.20E-06,3.67E-03,1.42E+01,-4.99,0,bK07W03P
(2016 WN55),2037-09-13.36,156.07,0.714,2.33E+05,-0.49727,6.70E-09,2.17E+02,5.06E+03,-5,0,bK16W55N
(2008 UB7),2074-11-01.36,0.13,0,2.74E+05,0.84234,2.00E-06,7.71E-02,1.44E+01,-5.01,0,bK08U07B
(2008 UB7),2074-11-01.36,0.34,0,2.60E+05,0.84182,2.00E-06,7.48E-02,1.44E+01,-5.01,0,bK08U07B
(2016 WN55),2032-09-12.71,70.3,0.5,5.73E+05,-0.51459,4.80E-09,1.39E+02,5.25E+03,-5.01,0,bK16W55N
(2002 RB182),2110-09-27.22,0.22,0,5.35E+05,0.49898,1.30E-06,1.10E-01,4.34E+01,-5.03,0,bK02RI2B
99942 Apophis (2004 MN4),2105-04-13.77,0.92,0,3.33E+06,1.005,9.00E-08,< 1.e-04,1.15E+03,-5.03,0,a0099942
(1996 TC1),2067-09-26.21,0.49,0,5.36E+05,-0.02743,1.30E-06,1.67E-01,1.92E+01,-5.05,0,bJ96T01C
(2006 CM10),2092-08-12.48,0.17,0,6.31E+04,2.85473,1.80E-07,3.05E-02,3.57E+02,-5.05,0,bK06C10M
(2008 UB7),2070-11-01.41,0.73,0,2.93E+05,-0.44007,1.70E-06,1.56E-02,1.44E+01,-5.05,0,bK08U07B
(2015 BS516),2022-09-15.83,141.65,0.602,3.47E+05,-0.97437,3.20E-09,2.33E+02,2.12E+03,-5.05,0,bK15Bp6S
(2015 ME131),2022-08-18.69,10.18,0.015,7.00E+05,0.7427,8.70E-10,6.29E+02,1.05E+04,-5.05,0,bK15MD1E
(2017 FB1),2111-03-04.13,0.53,0,2.85E+05,0.99682,1.40E-06,2.06E-01,3.65E+01,-5.06,0,bK17F01B
(2002 RB182),2108-10-12.15,0.23,0,5.37E+05,-0.30798,1.30E-06,2.13E-01,3.59E+01,-5.07,0,bK02RI2B
(2007 FT3),2115-10-04.60,107.82,0.752,3.54E+04,-1.0717,4.20E-08,1.42E+02,2.77E+03,-5.09,0,bK07F03T
101955 Bennu (1999 RQ36),2194-09-24.72,0.35,0,9.19E+05,-2.141,1.60E-07,< 1.e-04,1.15E+03,-5.09,,a0101955
(2010 AU118),2075-10-20.96,34.93,0.061,3.17E+06,-0.56922,2.40E-10,5.52E+02,9.11E+05,-5.09,0,bK10AB8U
(2016 NL56),2032-08-26.03,25.84,0.963,1.62E+05,-0.61523,5.90E-08,2.58E+01,1.74E+02,-5.1,0,bK16N56L
(2016 NL56),2029-08-22.32,21.53,0.441,1.16E+05,-0.74745,6.20E-08,4.65E+01,1.23E+02,-5.1,0,bK16N56L
(2005 NX55),2018-01-06.78,153.27,1.646,1.91E+05,-1.69282,1.70E-09,9.25E+01,3.30E+02,-5.1,0,bK05N55X
(2008 UB7),2060-10-31.76,0.62,0,4.61E+04,2.20241,1.20E-06,5.48E-03,1.42E+01,-5.11,0,bK08U07B
(2006 JE),2106-05-02.31,0.56,0,4.34E+05,-0.02978,1.50E-06,7.00E-02,2.58E+01,-5.12,0,bK06J00E
(2016 WN55),2033-09-12.44,33.62,0.227,7.61E+05,-0.53463,3.80E-09,1.44E+02,5.48E+03,-5.12,0,bK16W55N
(2010 AU118),2060-10-19.93,163.71,0.258,3.80E+06,-0.59329,1.70E-10,6.32E+02,9.17E+05,-5.12,0,bK10AB8U
101955 Bennu (1999 RQ36),2198-09-24.93,0.88,0,1.01E+06,1.701,1.50E-07,< 1.e-04,1.15E+03,-5.13,,a0101955
(2010 AU118),2084-10-19.97,164.15,0.345,3.30E+06,-0.59533,2.50E-10,4.73E+02,9.17E+05,-5.13,0,bK10AB8U
(2010 MY112),2018-12-18.67,152.05,0.372,1.15E+06,-0.26227,9.60E-10,4.06E+02,1.70E+03,-5.14,0,bK10MB2Y
(2016 NL56),2025-09-10.83,106.35,0.224,1.14E+05,-0.24192,8.80E-09,4.70E+02,7.90E+02,-5.14,0,bK16N56L
(2007 FT3),2097-10-03.57,68.05,1.424,1.01E+05,-0.59732,3.10E-08,4.71E+01,2.68E+03,-5.15,0,bK07F03T
(2007 FT3),2025-10-03.64,134.19,2.826,5.39E+04,-0.34668,3.20E-09,4.71E+01,2.64E+03,-5.16,0,bK07F03T
(2008 PK9),2045-08-10.46,1.14,0.095,3.45E+05,-1.65835,1.80E-07,1.46E+00,7.77E+01,-5.16,0,bK08P09K
(2008 UB7),2079-11-01.43,0.87,0,2.43E+05,-0.25771,1.50E-06,3.80E-03,1.44E+01,-5.16,0,bK08U07B
(2005 ED224),2030-03-11.19,0.1,0,6.12E+05,1.96176,1.90E-07,1.44E-02,2.71E+01,-5.17,0,bK05EM4D
(2010 AU118),2105-10-21.33,137.72,0.32,3.10E+06,-0.5902,3.00E-10,4.27E+02,9.16E+05,-5.18,0,bK10AB8U
(2015 ME131),2023-08-18.89,2.61,0.003,7.84E+05,0.7402,7.80E-10,6.31E+02,1.05E+04,-5.18,0,bK15MD1E
(2007 KO4),2046-11-23.92,4.33,0.106,1.90E+04,0.99633,5.10E-07,3.13E+01,2.11E+01,-5.18,0,bK07K04O
(2002 RB182),2076-10-06.39,1.05,0.296,1.84E+05,-0.55862,6.30E-07,1.79E-01,3.84E+01,-5.19,0,bK02RI2B
(2011 VG9),2086-11-01.73,0.22,0,1.39E+05,2.63333,1.70E-07,2.06E-02,2.35E+02,-5.19,0,bK11V09G
101955 Bennu (1999 RQ36),2187-09-24.96,0.03,0,1.04E+06,-2.284,1.20E-07,< 1.e-04,1.15E+03,-5.19,,a0101955
(2010 AU118),2093-10-20.60,11.57,0.018,2.83E+06,-0.56136,2.50E-10,6.02E+02,9.09E+05,-5.19,0,bK10AB8U
(2015 DA54),2107-07-30.16,0.21,0,6.99E+05,2.453,5.50E-08,1.55E-02,1.32E+03,-5.2,0,bK15D54A
410777 (2009 FD),2192-03-29.51,0.81,0,4.53E+05,1.253,6.00E-07,< 1.e-04,1.45E+02,-5.22,,a0410777
(2005 CC37),2117-01-13.66,0.92,0,2.68E+05,0.27813,1.10E-06,1.42E-02,3.02E+01,-5.23,0,bK05C37C
(2008 EX5),2071-10-09.68,0.39,0,3.61E+05,-0.4693,1.80E-06,1.59E-02,7.29E+00,-5.26,0,bK08E05X
(2008 UB7),2056-10-31.64,0.38,0,6.56E+05,0.85407,7.80E-07,3.93E-03,1.44E+01,-5.26,0,bK08U07B
(2010 AU118),2105-10-21.87,123.93,0.182,2.52E+06,-0.54008,2.50E-10,6.77E+02,9.04E+05,-5.26,0,bK10AB8U
(2002 MN),2071-06-15.66,0.48,0,3.69E+05,-1.12854,1.00E-06,9.82E-04,1.48E+01,-5.27,0,bK02M00N
(2006 QN111),2079-08-16.47,0.44,0,6.93E+04,-1.84122,1.90E-06,1.52E-02,8.09E+00,-5.27,0,bK06QB1N
(2007 FT3),2030-10-03.69,64.55,1.341,9.10E+05,-0.53047,4.00E-09,4.74E+01,2.67E+03,-5.27,0,bK07F03T
(2007 FT3),2067-10-03.72,38.11,0.79,3.77E+05,-0.83834,1.40E-08,4.70E+01,2.73E+03,-5.28,0,bK07F03T
(2010 MA113),2076-01-25.33,1.33,0.141,1.29E+05,1.8312,3.00E-07,2.35E+00,7.25E+01,-5.28,0,bK10MB3A
(2015 ME131),2024-08-18.10,0.92,0,8.64E+05,0.73825,7.00E-10,6.34E+02,1.04E+04,-5.28,0,bK15MD1E
101955 Bennu (1999 RQ36),2181-09-24.51,0.01,0,1.55E+06,2.213,9.40E-08,< 1.e-04,1.15E+03,-5.28,,a0101955
(1999 RZ31),2056-09-05.11,0.24,0,1.06E+05,1.82694,1.40E-06,7.87E-03,6.38E+00,-5.29,0,bJ99R31Z
(2010 AU118),2106-10-21.88,9.4,0.012,2.48E+06,-0.56263,2.40E-10,7.26E+02,9.09E+05,-5.29,0,bK10AB8U
(2009 BR5),2078-07-19.27,0.69,0,2.71E+06,0.66506,1.70E-07,6.67E-02,1.55E+02,-5.29,0,bK09B05R
(2010 JA43),2019-01-07.08,98.74,0.783,1.58E+05,-1.81922,3.60E-09,1.25E+02,2.25E+02,-5.29,0,bK10J43A
(2016 WN55),2031-09-13.92,168.4,1.196,6.21E+05,-0.49355,2.50E-09,1.40E+02,5.01E+03,-5.29,0,bK16W55N
(2007 KO4),2038-11-23.84,24.18,0.72,2.96E+04,0.84438,2.80E-07,3.22E+01,2.15E+01,-5.3,0,bK07K04O
(2002 RB182),2088-10-08.02,0.07,0,1.19E+06,-0.48116,5.80E-07,1.94E-01,3.77E+01,-5.31,0,bK02RI2B
(2011 VG9),2086-11-01.76,0.46,0,1.49E+05,2.68324,1.30E-07,2.08E-02,2.35E+02,-5.31,0,bK11V09G
(2012 ES10),2059-03-05.45,0.64,0,7.15E+05,1.14774,4.40E-07,1.57E-02,2.70E+01,-5.31,0,bK12E10S
(2016 WG),2101-06-24.42,0.64,0,8.26E+05,-0.67539,5.90E-07,4.66E-03,4.52E+01,-5.31,0,bK16W00G
(2011 VG9),2112-11-03.27,0.82,0,1.21E+06,1.24515,1.70E-07,1.11E-02,2.34E+02,-5.32,0,bK11V09G
(2010 AU118),2084-10-20.63,158.5,0.273,4.30E+06,-0.53321,1.70E-10,5.77E+02,9.02E+05,-5.32,0,bK10AB8U
(2001 CA21),2060-02-22.15,34.21,1.943,1.11E+06,-1.60917,9.90E-10,1.71E+01,5.43E+04,-5.33,0,bK01C21A
(2007 FT3),2034-10-03.10,143.27,2.715,2.94E+04,-1.07823,4.30E-09,5.24E+01,2.77E+03,-5.33,0,bK07F03T
(2008 UB7),2079-11-01.41,0.24,0,7.14E+05,-0.25497,1.00E-06,1.55E-02,1.44E+01,-5.33,0,bK08U07B
(2015 RN35),2092-12-11.30,0.42,0,5.21E+05,0.5834,1.20E-06,7.08E-03,1.58E+01,-5.33,0,bK15R35N
(2016 WN55),2058-09-12.78,20.84,0.125,4.62E+05,-0.53317,5.80E-09,1.59E+02,5.47E+03,-5.34,0,bK16W55N
(2007 FT3),2115-10-04.60,107.78,0.624,5.63E+04,-1.07158,2.40E-08,1.71E+02,2.77E+03,-5.34,0,bK07F03T
(2007 KO4),2030-11-23.74,49.43,1.521,2.46E+04,0.64273,1.60E-07,3.18E+01,2.21E+01,-5.34,0,bK07K04O
(2011 VG9),2104-11-03.86,0.91,0,2.20E+06,-0.05724,1.50E-07,< 1.e-04,2.31E+02,-5.35,0,bK11V09G
(2016 WG),2101-06-24.42,0.64,0,9.15E+05,-0.67542,5.30E-07,4.63E-03,4.52E+01,-5.35,0,bK16W00G
(2017 GM7),2056-06-19.68,11.57,3.163,6.05E+04,-1.68736,1.70E-09,3.34E+00,2.35E+04,-5.35,0,bK17G07M
(2007 FT3),2035-10-03.62,50.25,1.034,9.84E+05,-0.82409,4.40E-09,4.76E+01,2.72E+03,-5.36,0,bK07F03T
(2008 UV99),2081-03-29.36,21.32,1.2,1.02E+06,0.50282,1.20E-08,1.69E+01,3.78E+03,-5.36,0,bK08U99V
(2016 WG),2076-06-23.30,0.28,0,8.06E+05,-1.37553,3.70E-07,4.72E-03,4.52E+01,-5.36,0,bK16W00G
(2016 NL56),2058-08-25.26,15.84,0.646,1.44E+05,-0.6615,9.40E-08,2.30E+01,1.53E+02,-5.37,0,bK16N56L
(2001 CA21),2073-10-12.70,31.52,1.503,2.65E+06,-1.25259,1.30E-09,2.03E+01,4.74E+04,-5.38,0,bK01C21A
(2007 FT3),2058-10-03.77,74.9,1.557,2.76E+05,-0.53957,9.50E-09,4.75E+01,2.67E+03,-5.38,0,bK07F03T
(2007 FT3),2042-10-03.87,117.94,2.447,7.95E+04,-0.39134,5.80E-09,4.78E+01,2.64E+03,-5.38,0,bK07F03T
(2013 WM),2047-11-20.48,0.55,0,1.03E+05,2.6352,2.00E-07,2.66E-02,3.97E+01,-5.38,0,bK13W00M
(2015 ME131),2025-08-18.33,5.05,0.006,9.39E+05,0.73669,6.40E-10,6.36E+02,1.04E+04,-5.38,0,bK15MD1E
(2008 PK9),2049-08-10.48,1.93,0.901,3.09E+05,-1.42217,1.30E-07,1.03E+00,7.55E+01,-5.39,0,bK08P09K
410777 (2009 FD),2191-03-30.21,0.79,0,7.19E+05,1.225,4.00E-07,< 1.e-04,1.45E+02,-5.39,,a0410777
(2016 WG),2076-06-23.29,0.44,0,2.07E+06,0.1201,3.40E-07,4.39E-03,4.50E+01,-5.39,0,bK16W00G
(2016 WN55),2034-09-12.29,123.48,0.84,9.81E+05,-0.55236,2.10E-09,1.46E+02,5.71E+03,-5.39,0,bK16W55N
(2010 AU118),2071-10-21.42,185.38,0.281,5.49E+06,-0.52687,1.20E-10,6.57E+02,9.01E+05,-5.39,0,bK10AB8U
(2016 WG),2076-06-23.30,0.32,0,8.76E+05,-1.37537,3.30E-07,4.03E-03,4.52E+01,-5.4,0,bK16W00G
(2017 GM7),2071-06-20.30,8.97,1.965,5.45E+04,-3.02981,2.10E-09,4.06E+00,2.39E+04,-5.4,0,bK17G07M
(2007 FT3),2058-10-03.68,45.26,0.95,6.32E+05,-0.60239,8.80E-09,4.66E+01,2.68E+03,-5.41,0,bK07F03T
(2010 JA43),2018-01-08.16,157.24,0.993,5.29E+05,-1.59462,1.00E-09,1.57E+02,2.62E+02,-5.41,0,bK10J43A
(2002 RB182),2104-10-10.80,0.13,0,1.35E+06,-0.08625,5.80E-07,1.27E-01,3.63E+01,-5.41,0,bK02RI2B
(2011 VG9),2112-11-03.54,0.37,0,3.51E+06,0.90552,1.40E-07,2.22E-02,2.33E+02,-5.42,0,bK11V09G
(2016 NL56),2036-08-17.87,19.32,2.012,6.04E+04,-0.91535,6.20E-08,9.11E+00,8.57E+01,-5.42,0,bK16N56L
(2015 BS516),2027-09-17.07,8.81,0.036,5.79E+05,-0.94452,2.50E-09,2.18E+02,2.12E+03,-5.43,0,bK15Bp6S
(2007 KO4),2060-11-23.26,61.67,2.112,3.79E+03,0.51234,4.00E-07,2.87E+01,2.25E+01,-5.43,0,bK07K04O
(2010 AU118),2094-10-21.22,183.7,0.339,5.24E+06,-0.52822,1.50E-10,5.38E+02,9.01E+05,-5.44,0,bK10AB8U
(2011 BT59),2091-04-12.08,4.41,1.946,4.46E+05,-1.39056,1.20E-08,1.75E+00,3.24E+03,-5.44,0,bK11B59T
(2004 ME6),2017-07-08.36,101.58,1.704,5.28E+05,-1.72777,8.20E-10,5.90E+01,7.24E+01,-5.45,0,bK04M06E
(2008 EX5),2072-10-08.89,0.45,0,1.70E+05,-1.57605,1.20E-06,1.63E-02,7.28E+00,-5.45,0,bK08E05X
(2002 RB182),2104-10-10.80,0.26,0,1.43E+06,-0.08642,5.20E-07,2.26E-01,3.63E+01,-5.46,0,bK02RI2B
(2015 RN35),2099-12-13.15,0.93,0,3.06E+05,0.00198,9.40E-07,9.47E-03,1.58E+01,-5.46,0,bK15R35N
(2015 ME131),2026-08-18.55,8.82,0.012,1.01E+06,0.73543,6.00E-10,6.39E+02,1.04E+04,-5.46,0,bK15MD1E
(2016 NL56),2028-09-12.00,129.33,0.191,1.45E+05,-0.21225,4.90E-09,6.72E+02,9.56E+02,-5.46,0,bK16N56L
(2007 FT3),2097-10-03.56,65.81,1.404,2.22E+05,-0.5998,1.50E-08,4.61E+01,2.68E+03,-5.47,0,bK07F03T
(2015 HV182),2018-02-26.39,144.78,0.822,4.29E+06,0.096,4.70E-10,1.75E+02,7.14E+02,-5.47,0,bK15HI2V
(2007 FT3),2056-10-02.88,62.86,1.298,4.22E+05,-0.90399,6.90E-09,4.77E+01,2.74E+03,-5.48,0,bK07F03T
(2016 WG),2076-06-23.31,0.35,0,2.66E+06,0.1363,2.80E-07,3.80E-03,4.50E+01,-5.48,0,bK16W00G
(2016 NL56),2065-08-22.03,9.39,1.863,8.91E+04,-0.7687,1.10E-07,4.50E+00,1.18E+02,-5.48,0,bK16N56L
(2007 KO4),2060-11-23.27,61.27,1.871,6.24E+03,0.51548,3.60E-07,3.22E+01,2.25E+01,-5.48,0,bK07K04O
(2002 RB182),2088-10-07.54,0.27,0,1.87E+06,-0.35597,3.80E-07,1.77E-01,3.77E+01,-5.49,0,bK02RI2B
(2010 MA113),2075-01-25.11,2.77,0.703,1.28E+05,1.83661,1.80E-07,2.51E+00,7.13E+01,-5.49,0,bK10MB3A
(2016 WN55),2058-09-12.77,23.46,0.162,7.52E+05,-0.53373,4.10E-09,1.38E+02,5.48E+03,-5.49,0,bK16W55N
101955 Bennu (1999 RQ36),2196-09-24.27,0.64,0,1.20E+04,3.822,6.10E-08,< 1.e-04,1.15E+03,-5.5,,a0101955
101955 Bennu (1999 RQ36),2193-09-24.63,0.66,0,7.38E+05,-2.519,6.00E-08,< 1.e-04,1.15E+03,-5.5,,a0101955
(2005 ED224),2064-03-10.38,0.59,0,1.23E+06,0.81899,3.70E-07,3.51E-02,2.18E+01,-5.51,0,bK05EM4D
(2008 UV99),2097-03-29.65,2.21,0.069,2.47E+06,0.50972,1.00E-08,1.75E+01,3.86E+03,-5.51,0,bK08U99V
(2014 NJ65),2022-01-07.37,122.78,0.049,2.57E+05,-0.53421,6.80E-10,2.47E+03,3.20E+03,-5.51,0,bK14N65J
(2015 ME131),2023-02-14.81,75.18,0.037,5.97E+05,0.75188,3.20E-10,2.01E+03,1.11E+04,-5.51,0,bK15MD1E
(2005 NX55),2019-01-06.07,36.31,0.378,2.30E+05,-2.33274,1.40E-09,9.35E+01,3.68E+02,-5.51,0,bK05N55X
(2008 PK9),2057-08-10.78,0.27,0,2.46E+05,2.27226,1.60E-07,7.56E-01,4.97E+01,-5.52,0,bK08P09K
(2016 WG),2115-06-25.06,0.88,0,2.98E+05,1.47002,4.30E-07,4.61E-03,4.48E+01,-5.52,0,bK16W00G
(2004 GE2),2106-05-03.08,0.22,0,9.54E+04,-3.16853,5.30E-08,3.66E-03,5.21E+02,-5.53,0,bK04G02E
(2007 FT3),2099-10-03.74,54,0.986,2.90E+05,-0.90743,1.30E-08,5.37E+01,2.74E+03,-5.53,0,bK07F03T
(2015 ME131),2035-08-18.72,29.2,0.043,5.86E+05,0.73001,1.00E-09,6.51E+02,1.03E+04,-5.53,0,bK15MD1E
(2015 ME131),2027-08-18.79,11.44,0.016,1.06E+06,0.73438,5.70E-10,6.40E+02,1.04E+04,-5.53,0,bK15MD1E
(2015 ME131),2026-02-14.50,71.44,0.081,9.57E+05,0.74308,4.60E-10,8.72E+02,1.09E+04,-5.53,0,bK15MD1E
(2013 WM),2105-11-20.29,0.5,0,1.52E+06,-0.41037,4.20E-07,2.15E-02,3.76E+01,-5.54,0,bK13W00M
(2016 WG),2076-06-22.98,0.77,0,2.09E+06,0.03044,2.40E-07,4.71E-03,4.50E+01,-5.54,0,bK16W00G
(2016 WN55),2046-09-12.65,51.24,0.336,1.05E+06,-0.53962,2.60E-09,1.49E+02,5.55E+03,-5.54,0,bK16W55N
(2007 FT3),2095-10-03.87,6.48,0.113,6.29E+05,-0.77999,1.20E-08,4.85E+01,2.72E+03,-5.55,0,bK07F03T
(2007 WP3),2105-11-12.31,0.04,0,5.90E+05,0.90522,9.00E-07,4.81E-03,1.43E+01,-5.55,0,bK07W03P
(2015 ME131),2029-02-14.26,173.22,0.188,6.99E+05,0.73867,5.90E-10,9.14E+02,1.09E+04,-5.55,0,bK15MD1E
(2007 FT3),2040-10-02.89,45.76,0.939,1.36E+06,-0.83124,3.40E-09,4.77E+01,2.72E+03,-5.56,0,bK07F03T
(2008 UV99),2092-03-29.30,4.71,0.531,6.17E+06,0.50749,8.20E-09,6.99E+00,3.83E+03,-5.57,0,bK08U99V
(2010 AU118),2096-10-20.29,22.24,0.049,8.84E+06,-0.56865,1.10E-10,4.36E+02,9.11E+05,-5.57,0,bK10AB8U
(2016 WN55),2049-09-13.19,112.95,0.774,7.96E+05,-0.50771,2.80E-09,1.45E+02,5.17E+03,-5.57,0,bK16W55N
(2017 GM7),2098-06-20.54,7.95,1.531,1.37E+06,2.04407,2.20E-09,4.54E+00,2.25E+04,-5.57,0,bK17G07M
(2002 MN),2074-06-16.68,0.14,0,6.34E+05,-1.31881,5.20E-07,1.96E-03,1.50E+01,-5.58,0,bK02M00N
101955 Bennu (1999 RQ36),2187-09-24.94,0.13,0,7.52E+05,-2.744,4.90E-08,< 1.e-04,1.15E+03,-5.58,,a0101955
(2016 WN55),2039-09-13.07,4.18,0.022,1.70E+06,-0.53086,1.80E-09,1.42E+02,5.44E+03,-5.58,0,bK16W55N
(2016 NL56),2041-09-01.92,38.48,0.498,2.73E+05,-0.43516,1.90E-08,7.53E+01,3.12E+02,-5.58,0,bK16N56L
(2000 WJ107),2114-11-19.99,0.18,0,1.33E+06,0.17883,5.80E-07,1.11E-02,2.44E+01,-5.59,0,bK00WA7J
(2002 RB182),2076-10-06.41,1.14,0.77,2.38E+05,-0.57862,2.50E-07,1.81E-01,3.84E+01,-5.59,0,bK02RI2B
(2005 WG57),2029-08-21.18,0.35,0,6.61E+04,-2.91372,1.60E-07,7.61E-03,9.13E+00,-5.59,0,bK05W57G
(2008 UB7),2075-11-01.60,0.21,0,1.42E+06,-0.26314,5.30E-07,< 1.e-04,1.45E+01,-5.59,0,bK08U07B
(2007 FT3),2105-10-04.30,37.62,0.742,4.19E+05,-0.87894,1.20E-08,4.93E+01,2.73E+03,-5.59,0,bK07F03T
(2015 ME131),2028-08-18.03,14.98,0.022,1.12E+06,0.73349,5.40E-10,6.40E+02,1.03E+04,-5.59,0,bK15MD1E
(2015 YV20),2020-05-10.74,140.3,1.488,1.32E+05,-0.31503,1.30E-08,9.36E+01,3.92E+01,-5.59,0,bK15Y20V
101955 Bennu (1999 RQ36),2190-09-24.79,0.08,0,3.19E+04,3.737,4.90E-08,< 1.e-04,1.15E+03,-5.59,,a0101955
(2007 KO4),2046-11-23.94,3.65,0.074,3.96E+04,1.0659,2.00E-07,3.56E+01,2.09E+01,-5.59,0,bK07K04O
(2017 GM7),2084-06-20.20,7.84,1.845,7.65E+04,3.0769,1.70E-09,3.71E+00,2.22E+04,-5.59,0,bK17G07M
(2007 FT3),2080-10-03.22,43.5,0.871,6.47E+05,-0.62937,8.70E-09,4.88E+01,2.69E+03,-5.6,0,bK07F03T
(2007 WP3),2105-11-12.31,0.78,0,2.10E+04,2.60488,8.00E-07,4.59E-03,1.43E+01,-5.6,0,bK07W03P
(2008 EX5),2062-10-09.49,0.14,0,9.03E+05,-0.65125,7.10E-07,1.62E-02,7.29E+00,-5.6,0,bK08E05X
(2008 UV99),2075-03-29.94,12.91,0.627,3.17E+06,0.50578,5.80E-09,1.90E+01,3.81E+03,-5.61,0,bK08U99V
(2016 WN55),2047-09-12.70,99.23,0.649,1.03E+06,-0.54935,2.20E-09,1.51E+02,5.67E+03,-5.61,0,bK16W55N
(2016 WN55),2041-09-11.99,140.88,0.925,1.03E+06,-0.55607,1.80E-09,1.51E+02,5.76E+03,-5.61,0,bK16W55N
(2007 FT3),2095-10-03.80,29.65,0.604,6.09E+05,-0.82115,1.00E-08,4.74E+01,2.73E+03,-5.62,0,bK07F03T
(2008 UV99),2025-03-28.98,51.28,2.758,5.85E+05,0.49652,8.00E-10,1.82E+01,3.71E+03,-5.62,0,bK08U99V
(2016 NL56),2038-08-31.36,30.5,0.696,4.52E+05,-0.48064,1.80E-08,4.24E+01,2.64E+02,-5.62,0,bK16N56L
(2015 HV182),2018-06-22.78,20.55,0.108,1.32E+06,-0.33312,2.00E-09,1.80E+02,1.14E+02,-5.62,0,bK15HI2V
(2007 FT3),2083-10-03.76,36.15,0.748,6.75E+05,-0.83574,8.30E-09,4.70E+01,2.73E+03,-5.63,0,bK07F03T
(2008 UB7),2059-11-01.62,0.12,0,3.68E+04,-2.86975,3.50E-07,1.13E-02,1.47E+01,-5.63,0,bK08U07B
(2010 WC9),2086-05-15.85,0.29,0,1.83E+05,-1.94189,5.70E-07,3.79E-01,1.45E+01,-5.63,0,bK10W09C
101955 Bennu (1999 RQ36),2196-09-24.21,0.05,0,2.97E+04,3.772,4.50E-08,< 1.e-04,1.15E+03,-5.63,,a0101955
(2016 WN55),2043-09-13.72,124.8,0.884,1.06E+06,-0.5039,2.00E-09,1.40E+02,5.13E+03,-5.63,0,bK16W55N
(2016 NL56),2043-06-11.26,159.19,0.11,2.74E+06,0.10923,1.30E-10,1.44E+03,1.60E+05,-5.63,0,bK16N56L
(2016 NL56),2040-06-12.06,144.89,0.102,3.33E+06,0.11146,1.10E-10,1.41E+03,1.73E+05,-5.63,0,bK16N56L
(2014 MV67),2022-03-22.46,109.85,1.82,4.88E+06,0.19264,3.10E-10,5.98E+01,6.35E+03,-5.64,0,bK14M67V
(2015 ME131),2029-08-18.27,17.17,0.025,1.15E+06,0.73274,5.20E-10,6.41E+02,1.03E+04,-5.64,0,bK15MD1E
(2015 ME131),2024-02-15.05,10.21,0.005,7.21E+05,0.7488,2.70E-10,1.93E+03,1.10E+04,-5.64,0,bK15MD1E
(2016 NL56),2024-02-14.12,58.42,0.16,7.87E+04,-0.85767,1.20E-08,3.59E+02,9.65E+01,-5.65,0,bK16N56L
(2005 NX55),2021-01-06.04,56.11,0.593,2.59E+05,-2.00845,2.30E-09,9.29E+01,3.48E+02,-5.65,0,bK05N55X
(2012 ES10),2058-03-05.28,0.79,0,3.33E+05,-2.00967,2.00E-07,1.59E-02,2.62E+01,-5.66,0,bK12E10S
(2015 ME131),2026-02-14.50,89.26,0.035,4.45E+05,0.74344,3.40E-10,2.51E+03,1.10E+04,-5.66,0,bK15MD1E
(2002 RB182),2076-10-06.51,0.68,0,2.16E+06,-0.64502,2.10E-07,1.69E-01,3.85E+01,-5.67,0,bK02RI2B
(2010 CR5),2075-12-17.24,5.19,0.714,1.01E+06,2.30255,4.00E-09,5.87E+00,5.05E+03,-5.68,0,bK10C05R
(2015 ME131),2030-08-18.50,20.49,0.03,1.17E+06,0.7321,5.10E-10,6.41E+02,1.03E+04,-5.68,0,bK15MD1E
(2016 NL56),2070-08-16.63,6.55,0.957,2.47E+05,-1.00769,1.10E-07,5.79E+00,7.17E+01,-5.68,0,bK16N56L
(2016 NL56),2057-08-31.00,27.24,0.719,3.10E+05,-0.48456,2.90E-08,3.65E+01,2.61E+02,-5.68,0,bK16N56L
(2016 NL56),2040-08-12.90,16.56,0.828,1.43E+05,-1.1853,6.10E-08,1.88E+01,5.30E+01,-5.68,0,bK16N56L
(2016 NL56),2031-09-13.75,150.61,0.167,1.63E+05,-0.19022,3.30E-09,8.94E+02,1.12E+03,-5.68,0,bK16N56L
(2002 MN),2109-06-15.88,0.56,0,3.56E+05,-1.44585,6.50E-07,1.70E-03,1.47E+01,-5.69,0,bK02M00N
410777 (2009 FD),2191-03-30.30,0.47,0,3.14E+06,0.566,2.00E-07,< 1.e-04,1.45E+02,-5.69,,a0410777
(2016 WG),2101-06-24.08,0.66,0,1.61E+06,0.90263,2.50E-07,4.28E-03,4.51E+01,-5.69,0,bK16W00G
(2016 WG),2088-06-23.29,0.42,0,4.69E+05,1.99727,2.10E-07,4.50E-03,4.48E+01,-5.69,0,bK16W00G
(2007 FT3),2099-10-03.74,52.67,1.195,4.13E+05,-0.90621,8.90E-09,4.32E+01,2.74E+03,-5.7,0,bK07F03T
(2008 UB7),2056-10-31.69,0.81,0,1.61E+06,-0.22382,2.80E-07,< 1.e-04,1.45E+01,-5.7,0,bK08U07B
(2008 UV99),2082-03-29.33,46.87,1.57,7.71E+05,0.49492,5.50E-09,2.92E+01,3.69E+03,-5.7,0,bK08U99V
(2007 FT3),2105-10-04.29,39.47,0.808,5.29E+05,-0.88895,9.50E-09,4.76E+01,2.74E+03,-5.7,0,bK07F03T
(2017 FB1),2111-03-04.13,0.69,0,1.01E+06,0.99326,3.20E-07,2.08E-01,3.65E+01,-5.7,0,bK17F01B
(2015 ME131),2034-08-18.47,28.89,0.043,9.33E+05,0.73029,6.40E-10,6.48E+02,1.03E+04,-5.7,0,bK15MD1E
(2015 RN35),2079-12-16.04,0.42,0,1.30E+06,-0.78783,4.10E-07,7.86E-03,1.58E+01,-5.7,0,bK15R35N
(2007 FT3),2084-10-03.09,7.71,0.136,1.05E+06,-0.77699,7.10E-09,4.92E+01,2.72E+03,-5.71,0,bK07F03T
(2007 WP3),2098-11-11.51,0.5,0,1.04E+06,-0.56571,5.70E-07,3.93E-03,1.42E+01,-5.71,0,bK07W03P
(2008 EX5),2068-10-08.98,0.49,0,9.08E+05,-0.64028,6.20E-07,1.52E-02,7.27E+00,-5.71,0,bK08E05X
(2015 ME131),2031-08-18.74,23.46,0.035,1.17E+06,0.73154,5.10E-10,6.43E+02,1.03E+04,-5.71,0,bK15MD1E
410777 (2009 FD),2198-03-29.99,0.43,0,3.19E+06,0.564,2.00E-07,< 1.e-04,1.45E+02,-5.71,,a0410777
(2017 FO128),2109-03-16.01,0.64,0,1.88E+06,-1.18204,1.60E-07,1.57E-02,7.56E+01,-5.72,0,bK17FC8O
(2008 UV99),2024-03-30.10,85.5,2.634,7.67E+05,0.53485,5.10E-10,3.21E+01,4.17E+03,-5.72,0,bK08U99V
(2016 WN55),2063-09-13.28,23.72,0.156,1.07E+06,-0.52741,2.70E-09,1.46E+02,5.40E+03,-5.72,0,bK16W55N
(2017 GM7),2103-06-21.17,5.7,1.087,6.67E+05,-2.77842,1.50E-09,4.32E+00,2.40E+04,-5.72,0,bK17G07M
(2016 NL56),2077-08-15.80,1.65,0.035,1.28E+05,-1.0482,1.20E-07,1.89E+01,6.68E+01,-5.73,0,bK16N56L
(2007 FT3),2084-10-03.03,27.18,0.553,9.67E+05,-0.81548,6.60E-09,4.74E+01,2.72E+03,-5.74,0,bK07F03T
(2000 WJ107),2114-11-19.98,0.37,0,1.00E+06,-1.08428,4.10E-07,1.11E-02,2.43E+01,-5.74,0,bK00WA7J
(2017 FO128),2109-03-15.99,0.7,0,3.35E+06,0.38568,1.60E-07,< 1.e-04,7.62E+01,-5.74,0,bK17FC8O
(2015 ME131),2035-08-18.72,29.19,0.043,9.55E+05,0.73013,6.20E-10,6.51E+02,1.03E+04,-5.74,0,bK15MD1E
(2015 ME131),2033-08-18.23,26.35,0.039,1.08E+06,0.73065,5.50E-10,6.46E+02,1.03E+04,-5.74,0,bK15MD1E
(2015 ME131),2032-08-17.99,24.12,0.036,1.15E+06,0.73107,5.20E-10,6.45E+02,1.03E+04,-5.74,0,bK15MD1E
(2016 NL56),2021-02-13.16,182.86,0.611,3.53E+04,-1.49928,1.20E-08,2.98E+02,3.39E+01,-5.74,0,bK16N56L
(2016 WN55),2069-09-12.83,31.45,0.209,1.01E+06,-0.52669,2.90E-09,1.46E+02,5.39E+03,-5.75,0,bK16W55N
(2017 FO128),2104-03-15.82,0.72,0,9.60E+04,-2.7125,1.50E-07,1.22E-02,7.52E+01,-5.75,0,bK17FC8O
(2007 FT3),2084-10-03.03,27.57,0.573,1.03E+06,-0.81981,6.20E-09,4.64E+01,2.73E+03,-5.76,0,bK07F03T
(2012 ES10),2059-03-05.44,0.07,0,2.67E+06,1.13761,1.60E-07,1.57E-02,2.70E+01,-5.76,0,bK12E10S
(2014 MV67),2025-03-26.22,97.02,1.05,9.68E+06,0.22462,3.10E-10,9.15E+01,7.93E+03,-5.76,0,bK14M67V
(2015 BS516),2032-09-16.76,75.03,0.352,8.18E+05,-0.93168,1.80E-09,2.10E+02,2.12E+03,-5.76,0,bK15Bp6S
(2016 WN55),2057-09-12.76,20.32,0.133,1.36E+06,-0.5281,2.20E-09,1.45E+02,5.41E+03,-5.76,0,bK16W55N
(2016 NL56),2033-08-14.55,17.8,1.893,1.28E+05,-1.10115,3.20E-08,8.87E+00,6.09E+01,-5.76,0,bK16N56L
(2016 WN55),2051-09-13.24,18.27,0.119,1.64E+06,-0.5288,1.80E-09,1.45E+02,5.42E+03,-5.77,0,bK16W55N
(2016 NL56),2063-09-01.63,23.4,0.835,4.35E+05,-0.46611,2.60E-08,2.68E+01,2.78E+02,-5.77,0,bK16N56L
(2015 HV182),2019-10-09.96,93.49,0.328,5.83E+05,-0.03398,2.90E-09,2.82E+02,1.13E+02,-5.78,0,bK15HI2V
(2007 FT3),2062-10-03.51,15.88,0.318,1.83E+06,-0.79366,4.00E-09,4.67E+01,2.72E+03,-5.78,0,bK07F03T
(2016 WN55),2075-09-12.63,130.79,0.838,6.80E+05,-0.5575,2.80E-09,1.55E+02,5.79E+03,-5.78,0,bK16W55N
(2016 WN55),2045-09-12.71,13.63,0.086,2.03E+06,-0.52963,1.50E-09,1.46E+02,5.43E+03,-5.78,0,bK16W55N
(2016 NL56),2027-02-15.25,149.94,0.399,1.15E+05,-0.6537,8.60E-09,3.74E+02,1.56E+02,-5.78,0,bK16N56L
(2015 HV182),2017-09-18.14,7.51,0.006,3.72E+06,0.08979,1.30E-10,1.05E+03,6.46E+02,-5.78,0,bK15HI2V
(2008 UV99),2090-03-30.13,24.45,0.702,2.18E+06,0.51693,4.60E-09,3.34E+01,3.94E+03,-5.8,0,bK08U99V
(2010 JA43),2023-01-07.55,15.31,0.108,2.36E+05,-1.74274,3.50E-09,1.33E+02,2.37E+02,-5.8,0,bK10J43A
(2011 BT59),2091-04-12.10,4.67,2.099,6.90E+05,-1.39791,5.50E-09,1.75E+00,3.24E+03,-5.8,0,bK11B59T
(2016 NL56),2051-08-29.27,25.04,2.061,1.65E+05,-0.54418,2.20E-08,1.17E+01,2.14E+02,-5.8,0,bK16N56L
(2007 FT3),2050-10-03.17,125.02,2.345,1.20E+05,-1.0732,2.70E-09,5.29E+01,2.77E+03,-5.81,0,bK07F03T
(2010 MY112),2022-12-18.70,64.83,0.156,1.69E+06,-0.25759,6.90E-10,4.09E+02,1.69E+03,-5.81,0,bK10MB2Y
101955 Bennu (1999 RQ36),2197-09-24.80,0.01,0,8.62E+05,-2.883,3.10E-08,< 1.e-04,1.15E+03,-5.81,,a0101955
(2016 WG),2091-06-23.35,0.34,0,4.11E+06,-0.46307,1.60E-07,4.81E-03,4.50E+01,-5.81,0,bK16W00G
(2016 NL56),2050-08-15.01,13.75,1.024,2.06E+05,-1.08961,5.70E-08,1.25E+01,6.21E+01,-5.81,0,bK16N56L
(2015 HV182),2019-02-07.14,159.23,0.88,2.03E+06,0.03572,9.20E-10,1.80E+02,2.86E+02,-5.81,0,bK15HI2V
(2010 CR5),2062-01-01.06,3.93,2.093,4.82E+06,-0.38641,2.00E-09,1.40E+00,5.90E+03,-5.82,0,bK10C05R
(2016 NL56),2034-09-14.42,173.48,0.15,1.66E+05,-0.17002,2.60E-09,1.15E+03,1.30E+03,-5.82,0,bK16N56L
(2017 GM7),2103-06-21.16,4.47,0.783,8.55E+05,-2.88859,1.20E-09,4.44E+00,2.40E+04,-5.82,0,bK17G07M
(2017 FO63),2088-11-13.74,0.44,0,1.03E+06,-1.9599,1.30E-07,9.62E-03,5.52E+01,-5.83,0,bK17F63O
(2017 FO63),2088-11-13.74,0.28,0,1.09E+06,-1.95979,1.30E-07,4.23E-02,5.52E+01,-5.83,0,bK17F63O
(2015 ME131),2030-08-20.01,185.76,0.311,1.79E+06,0.80393,3.30E-10,5.95E+02,1.18E+04,-5.83,0,bK15MD1E
(2017 FB1),2109-03-04.16,0.12,0,8.71E+05,1.67043,2.20E-07,2.36E-01,3.76E+01,-5.84,0,bK17F01B
(2016 WN55),2048-09-11.75,145.8,0.962,1.32E+06,-0.55866,1.30E-09,1.50E+02,5.80E+03,-5.84,0,bK16W55N
(2010 CA55),2034-07-08.97,5.77,0.908,5.03E+05,-2.28896,7.90E-09,5.25E+00,2.85E+02,-5.85,0,bK10C55A
(2010 WC9),2077-05-15.52,1.5,0.802,3.73E+05,0.21803,2.90E-07,6.17E-01,1.53E+01,-5.85,0,bK10W09C
(2016 NL56),2061-08-11.07,13.58,0.193,3.36E+04,-1.32056,9.10E-08,6.52E+01,4.33E+01,-5.85,0,bK16N56L
(2016 WN55),2081-09-12.19,109.72,0.724,8.25E+05,-0.55357,2.60E-09,1.50E+02,5.73E+03,-5.86,0,bK16W55N
(2015 YV20),2023-05-08.05,71.98,0.587,2.37E+05,-0.42993,1.30E-08,1.21E+02,3.88E+01,-5.87,0,bK15Y20V
(2016 WN55),2060-09-13.08,139.89,0.946,1.01E+06,-0.50258,1.90E-09,1.47E+02,5.11E+03,-5.87,0,bK16W55N
(2015 HV182),2018-09-19.04,155.4,1.078,1.40E+06,-0.33736,1.30E-09,1.43E+02,1.17E+02,-5.87,0,bK15HI2V
(2017 DC120),2021-01-30.79,54.38,0.224,2.54E+05,-1.02419,4.80E-09,2.38E+02,7.67E+01,-5.87,0,bK17DC0C
(2016 NL56),2030-02-16.78,195.21,0.544,1.51E+05,-0.53679,6.80E-09,3.57E+02,2.20E+02,-5.88,0,bK16N56L
(2007 FT3),2030-10-03.69,65.61,1.403,3.66E+06,-0.5278,9.40E-10,4.61E+01,2.67E+03,-5.89,0,bK07F03T
(2016 WN55),2078-09-13.46,110.14,0.892,9.38E+05,-0.51023,2.50E-09,1.22E+02,5.20E+03,-5.89,0,bK16W55N
(2007 WP3),2109-11-12.30,0.57,0,2.64E+05,1.91006,4.00E-07,4.50E-03,1.43E+01,-5.91,0,bK07W03P
(2008 EX5),2074-10-09.49,0.54,0,1.30E+06,-0.57289,4.40E-07,7.86E-03,7.29E+00,-5.91,0,bK08E05X
(2007 FT3),2112-10-04.28,47.21,0.952,8.16E+05,-0.63999,6.40E-09,4.85E+01,2.69E+03,-5.91,0,bK07F03T
(2016 NL56),2105-03-30.01,72.74,0.078,1.20E+05,-0.06587,4.50E-09,9.16E+02,3.70E+03,-5.91,0,bK16N56L
(2015 HV182),2054-10-22.57,87.54,0.932,8.87E+04,-0.05637,3.90E-08,9.28E+01,8.83E+01,-5.91,0,bK15HI2V
(2015 HV182),2019-12-28.89,147.39,0.429,6.05E+05,-0.02988,2.20E-09,3.41E+02,1.18E+02,-5.91,0,bK15HI2V
(2016 WG),2110-06-24.79,0.04,0,1.60E+06,1.49191,1.60E-07,4.61E-03,4.49E+01,-5.91,0,bK16W00G
(2010 MA113),2049-07-23.63,125.01,1.298,2.03E+03,2.33417,1.10E-07,9.56E+01,1.82E+01,-5.93,0,bK10MB3A
(2010 DG77),2018-01-11.27,129.32,1.954,2.59E+06,0.03029,4.20E-10,6.57E+01,1.79E+02,-5.93,0,bK10D77G
(2000 WJ107),2114-11-19.98,0.24,0,1.29E+06,-1.29254,2.60E-07,1.04E-02,2.43E+01,-5.94,0,bK00WA7J
(2010 MA113),2077-01-24.58,4.38,1.422,1.32E+05,1.82604,6.70E-08,2.38E+00,7.36E+01,-5.94,0,bK10MB3A
(2000 WJ107),2114-11-19.98,0.35,0,2.80E+06,0.29562,2.60E-07,7.86E-03,2.45E+01,-5.95,0,bK00WA7J
(2008 UV99),2058-03-29.98,14.97,0.43,6.65E+06,0.51508,1.80E-09,3.25E+01,3.92E+03,-5.95,0,bK08U99V
(2012 ES10),2059-03-05.46,0.38,0,3.81E+06,1.14252,1.00E-07,1.57E-02,2.70E+01,-5.95,0,bK12E10S
(2015 ME131),2034-08-17.21,175.06,0.278,1.58E+06,0.66492,3.90E-10,6.26E+02,9.16E+03,-5.95,0,bK15MD1E
(2016 WG),2101-06-24.09,0.33,0,3.59E+06,0.94407,1.30E-07,3.93E-03,4.51E+01,-5.95,0,bK16W00G
(2016 NL56),2043-08-16.68,13.27,1.779,2.29E+05,-1.01638,2.90E-08,6.90E+00,7.06E+01,-5.95,0,bK16N56L
(2000 WJ107),2114-11-19.98,0.65,0,1.56E+06,-0.92709,2.50E-07,8.78E-03,2.43E+01,-5.96,0,bK00WA7J
(2007 WP3),2113-11-12.29,0.43,0,1.54E+06,-0.63176,3.80E-07,< 1.e-04,1.42E+01,-5.96,0,bK07W03P
(2016 WN55),2083-09-13.15,4.03,0.02,1.29E+06,-0.5319,2.20E-09,1.51E+02,5.46E+03,-5.96,0,bK16W55N
(2010 XB73),2044-06-01.39,17.48,0.406,8.89E+04,-1.27334,5.60E-08,4.06E+01,3.17E+01,-5.96,0,bK10X73B
101955 Bennu (1999 RQ36),2193-09-25.67,0.12,0,2.72E+06,2.585,2.10E-08,< 1.e-04,1.15E+03,-5.96,,a0101955
(2010 MA113),2049-07-23.63,125.03,1.335,2.19E+03,2.33236,1.00E-07,9.29E+01,1.83E+01,-5.97,0,bK10MB3A
(2016 NL56),2053-08-16.94,7.63,0.808,6.42E+05,-0.98476,3.70E-08,8.20E+00,7.49E+01,-5.97,0,bK16N56L
(2007 FT3),2047-10-03.93,46.08,0.974,3.15E+06,-0.60635,1.70E-09,4.63E+01,2.68E+03,-5.98,0,bK07F03T
(2015 BS516),2035-09-16.40,91.2,0.33,8.67E+05,-0.96485,1.30E-09,2.73E+02,2.12E+03,-5.98,0,bK15Bp6S
(2005 TM173),2017-12-13.78,113.95,2.021,2.08E+05,-0.65034,4.30E-09,5.59E+01,7.37E+00,-5.98,0,bK05TH3M
(2007 FT3),2090-10-03.71,37.93,0.767,1.52E+06,-0.64999,4.10E-09,4.81E+01,2.69E+03,-5.99,0,bK07F03T
(2008 UV99),2098-03-29.69,15.81,0.591,4.27E+06,0.50371,3.40E-09,2.51E+01,3.79E+03,-5.99,0,bK08U99V
(2010 KJ37),2024-11-18.90,26.71,0.687,4.70E+04,1.52207,6.90E-08,3.74E+01,4.60E+00,-5.99,0,bK10K37J
(2015 BS516),2037-09-17.25,109.31,0.521,9.97E+05,-0.92433,1.40E-09,2.08E+02,2.11E+03,-5.99,0,bK15Bp6S
(2015 ME131),2035-08-17.53,167.43,0.281,1.73E+06,0.66785,3.80E-10,5.92E+02,9.20E+03,-5.99,0,bK15MD1E
(2016 NL56),2080-09-09.86,74.39,0.29,1.73E+05,-0.26563,1.10E-08,2.53E+02,6.86E+02,-5.99,0,bK16N56L
(2016 WG),2101-06-24.16,0.61,0,3.41E+06,0.9056,1.20E-07,3.93E-03,4.51E+01,-5.99,0,bK16W00G
(2000 WJ107),2114-11-19.99,0.83,0,1.56E+06,0.68144,2.30E-07,1.04E-02,2.45E+01,-6,0,bK00WA7J
(2008 UV99),2035-03-30.66,63.04,2.432,1.17E+06,0.52853,6.90E-10,2.55E+01,4.09E+03,-6,0,bK08U99V
(2010 XB73),2023-06-04.21,46.16,1.045,2.52E+05,-1.25853,1.20E-08,4.32E+01,3.17E+01,-6,0,bK10X73B
(2017 FB1),2108-03-03.51,1.36,1.751,3.84E+04,1.14423,1.50E-07,2.06E-01,3.68E+01,-6,0,bK17F01B
(2015 RN35),2083-12-12.37,0.56,0,2.57E+06,0.58174,2.20E-07,< 1.e-04,1.58E+01,-6,0,bK15R35N